{
    "type": "origins:active_self",
    "cooldown": 200,
    "entity_action": {
        "type": "origins:give",
        "stack": {
            "amount": 32,
            "item": "minecraft:cookie"
        }
    },
    "hud_render": {
        "should_render": true,
        "sprite_location": "origins:textures/gui/community/spiderkolo/resource_bar_01.png",
        "bar_index": 21
    },
    "name": "Cookie Feces",
    "description": "You Poop Cookies",
    "key": {
        "continuous": true,
        "key": "primary"
    }
}