{
    "type": "origins:fire_projectile",
    "name": "Cookie Dough Shotgun",
    "description": "You Shoot Three Cookie Dough Balls \nThat Make The Target Levitate on Impact",
    "cooldown": 200,
    "count": 3,
    "speed": 2,
    "divergence": 1,
    "entity_type": "minecraft:shulker_bullet",
    "hud_render": {
        "should_render": true,
        "sprite_location": "origins:textures/gui/community/huang/resource_bar_02.png",
        "bar_index": 1
    },
    "key": {
        "key": "secondary",
        "continuous": true
    }
}